country,1995,1996,1997,1998,1999,2000,2001,2002,2003,2004,2005,2006,2007,2008,2009,2010,2011,2012,2013
Afghanistan,17586073,18415307,19021226,19496836,19987071,20595360,21347782,22202806,23116142,24018682,24860855,25631282,26349243,27032197,27708187,28397812,29105480,29824536,30551674
Albania,3357858,3341043,3331317,3325456,3317941,3304948,3286084,3263596,3239385,3216197,3196130,3179573,3166222,3156608,3151185,3150143,3153883,3162083,3173271
Algeria,29315463,29845208,30345466,30820435,31276295,31719449,32150198,32572977,33003442,33461345,33960903,34507214,35097043,35725377,36383302,37062820,37762962,38481705,39208194
American Samoa,52874,53926,54942,55899,56768,57522,58176,58729,59117,59262,59117,58652,57919,57053,56245,55636,55274,55128,55165
Andorra,63854,64274,64090,63799,64084,65399,68000,71639,75643,79060,81223,81877,81292,79969,78659,77907,77865,78360,79218
Angola,12104952,12451945,12791388,13137542,13510616,13924930,14385283,14886574,15421075,15976715,16544376,17122409,17712824,18314441,18926650,19549124,20180490,20820525,21471618
Anguilla,9807,10063,10305,10545,10797,11071,11371,11693,12023,12342,12637,12903,13145,13365,13571,13768,13956,14132,14300
Antigua and Barbuda,68349,70245,72232,74206,76041,77648,78972,80030,80904,81718,82565,83467,84397,85349,86300,87233,88152,89069,89985
Argentina,34833168,35264070,35690778,36109342,36514558,36903067,37273361,37627545,37970411,38308779,38647854,38988923,39331357,39676083,40023641,40374224,40728738,41086927,41446246
Armenia,3223173,3173425,3137652,3112958,3093820,3076098,3059960,3047002,3036032,3025652,3014917,3002911,2989882,2977488,2968154,2963496,2964120,2969081,2976566
Aruba,80326,83195,85447,87276,89004,90858,92894,94995,97015,98742,100031,100830,101219,101344,101418,101597,101932,102384,102911
Australia,18124234,18339037,18563442,18794552,19027438,19259377,19487257,19714625,19953121,20218481,20520736,20865583,21246274,21645095,22037143,22404488,22740536,23050471,23342553
Austria,7985372,8009345,8014124,8009051,8007843,8020262,8049440,8091804,8142322,8193157,8238604,8277393,8311463,8342129,8371711,8401924,8432890,8463948,8495145
Azerbaijan,7770806,7852273,7921745,7984460,8047936,8117742,8195427,8279768,8370169,8465127,8563398,8665006,8770122,8877669,8986266,9094718,9202432,9308959,9413420
Bahamas,280050,283678,286845,289926,293442,297759,303005,309039,315624,322400,329088,335622,342049,348340,354492,360498,366331,371960,377374
Bahrain,563730,579697,597400,617537,640913,668239,698749,732541,772058,820505,879534,950951,1032353,1116038,1191539,1251513,1292764,1317827,1332171
Bangladesh,119869585,122400896,124945315,127478524,129966823,132383265,134729503,137006279,139185986,141235035,143135180,144868702,146457067,147969967,149503100,151125475,152862431,154695368,156594962
Barbados,263165,263884,264606,265370,266220,267190,268296,269524,270844,272205,273568,274923,276277,277634,279006,280396,281804,283221,284644
Belarus,10189075,10156258,10120556,10080772,10034775,9981460,9920173,9852866,9784111,9719991,9664714,9620359,9585368,9555801,9525785,9491070,9450391,9405097,9356678
Belgium,10161914,10186767,10205970,10222896,10242449,10268380,10300775,10338969,10384953,10440977,10508080,10587731,10678058,10772572,10862441,10941288,11006632,11060095,11104476
Belize,206962,212375,218484,225083,231860,238586,245198,251766,258346,265040,271920,278985,286196,293544,301016,308595,316280,324060,331900
Benin,5985658,6176318,6361301,6546493,6740491,6949366,7174911,7414744,7665681,7922796,8182362,8443671,8707490,8973293,9240783,9509798,9779795,10050702,10323474
Bermuda,61407,61703,61992,62276,62557,62837,63116,63393,63661,63911,64137,64337,64512,64667,64812,64951,65086,65216,65341
Bhutan,509105,512594,521146,533737,548599,564350,580888,598455,616383,633893,650417,665568,679365,692159,704542,716939,729429,741822,753947
Bolivia (Plurinational State of),7635362,7806953,7978521,8150214,8322408,8495271,8669066,8843350,9016787,9187610,9354709,9517395,9676456,9834098,9993406,10156601,10324445,10496285,10671200
"Bonaire, Saint Eustatius and Saba",NA,NA,NA,NA,NA,NA,NA,NA,NA,NA,NA,NA,NA,NA,NA,17616,18194,18694,19130
Bosnia and Herzegovina,3520996,3485575,3535998,3640821,3752004,3834364,3879353,3897579,3895779,3886723,3879828,3875157,3868665,3861201,3853446,3845929,3839322,3833916,3829307
Botswana,1583453,1620989,1657349,1692148,1724924,1755375,1783349,1808976,1832602,1854739,1875805,1895944,1915187,1933719,1951715,1969341,1986701,2003910,2021144
Brazil,161890816,164392423,166925457,169472347,172006362,174504898,176968205,179393768,181752951,184010283,186142403,188134315,189996976,191765567,193490922,195210154,196935134,198656019,200361925
British Virgin Islands,18425,18834,19270,19726,20186,20643,21084,21518,21982,22522,23169,23942,24815,25716,26542,27223,27730,28088,28341
Brunei Darussalam,295003,302511,309904,317214,324501,331801,339114,346407,353649,360797,367815,374697,381440,388017,394400,400569,406512,412238,417784
Bulgaria,8358116,8274592,8199715,8131424,8065947,8000510,7934973,7870488,7806995,7744575,7683264,7622852,7563141,7504206,7446197,7389175,7333122,7277831,7222943
Burkina Faso,10089876,10372562,10664982,10967836,11281942,11607944,11946080,12296399,12659086,13034258,13421929,13822257,14235075,14659646,15094967,15540284,15995313,16460141,16934839
Burundi,6209923,6294482,6369573,6447672,6545273,6674286,6839376,7037727,7264340,7510771,7770392,8042579,8328312,8624280,8926687,9232753,9540362,9849569,10162532
Cabo Verde,399477,408790,417562,425932,434168,442426,450812,459140,466939,473577,478651,481940,483713,484651,485714,487601,490556,494401,498897
Cambodia,10769198,11090611,11395958,11685332,11960467,12222871,12472586,12709336,12934369,13149386,13356424,13555054,13747288,13940518,14144225,14364931,14605862,14864646,15135169
Cameroon,13929575,14316949,14709426,15107909,15513653,15927713,16350440,16782044,17223277,17674960,18137734,18611937,19097676,19595026,20103945,20624343,21156272,21699631,22253959
Canada,29294899,29586368,29866502,30140562,30415664,30697425,30986788,31283746,31591631,31914080,32253092,32610984,32985806,33369898,33752618,34126240,34487414,34837978,35181704
Cayman Islands,31672,33535,35596,37742,39810,41685,43317,44742,46032,47299,48623,50026,51472,52912,54275,55509,56601,57570,58435
Central African Republic,3275695,3350299,3424733,3498140,3569523,3638316,3704045,3767248,3829636,3893595,3960897,4032102,4106897,4185106,4266247,4349921,4436217,4525209,4616417
Chad,6980351,7216321,7463347,7724316,8002899,8301151,8620917,8959964,9311234,9665024,10014413,10356822,10694366,11030628,11371325,11720781,12080037,12448175,12825314
Chile,14440103,14662323,14872458,15072409,15265536,15454402,15639289,15819522,15995658,16168241,16337749,16504530,16668892,16831184,16991729,17150760,17308449,17464814,17619708
China,1237531429,1247897092,1257021784,1265222536,1272915272,1280428583,1287890449,1295322020,1302810258,1310414386,1318176835,1326146433,1334343509,1342732604,1351247555,1359821465,1368440300,1377064907,1385566537
"China, Hong Kong SAR",6144498,6275363,6430651,6591717,6732627,6835301,6892752,6912079,6906631,6896523,6896686,6910671,6934748,6967866,7006930,7049514,7096359,7148493,7203836
"China, Macao SAR",398459,405231,412031,418810,425448,431907,438080,444150,450711,458542,468149,479808,493206,507528,521617,534626,546278,556783,566375
Colombia,36573895,37236124,37901358,38568056,39234115,39897984,40558648,41216304,41872051,42527623,43184026,43841370,44498390,45153037,45802561,46444798,47078792,47704427,48321405
Comoros,465895,477548,489627,502128,515028,528312,541976,556028,570491,585389,600733,616526,632736,649291,666097,683081,700216,717503,734917
Congo,2720633,2797572,2878333,2961357,3044444,3126204,3205636,3283719,3363418,3448868,3542867,3646653,3758858,3876475,3995146,4111715,4225359,4337051,4447632
Cook Islands,18305,18244,18093,17915,17806,17826,18003,18308,18690,19072,19399,19656,19858,20016,20153,20284,20409,20523,20629
Costa Rica,3478197,3566605,3658020,3750585,3841734,3929588,4013488,4093840,4171145,4246336,4320130,4392493,4463226,4532711,4601424,4669685,4737680,4805295,4872166
Côte d'Ivoire,14217430,14632391,15042149,15436470,15802248,16131332,16420173,16674987,16909801,17144325,17393994,17662417,17949061,18260044,18601342,18976588,19389954,19839750,20316086
Croatia,4690192,4647843,4601596,4554877,4511766,4475201,4446789,4426098,4411370,4399706,4388857,4378601,4369337,4360126,4349930,4338027,4323822,4307422,4289714
Cuba,10932013,10980758,11024249,11063917,11101580,11138416,11175465,11212125,11245926,11273363,11292078,11301100,11301674,11296355,11288826,11281768,11276053,11270957,11265629
Curaçao,NA,NA,NA,NA,NA,NA,NA,NA,NA,NA,NA,NA,NA,NA,NA,147560,151523,155293,158760
Cyprus,855389,873246,890733,908040,925491,943287,961481,979877,998142,1015820,1032586,1048314,1063095,1077089,1090553,1103685,1116513,1128994,1141166
Czech Republic,10339223,10327823,10311228,10291153,10270096,10250398,10231435,10214070,10203846,10207862,10230683,10274906,10337782,10411836,10486434,10553701,10611037,10660051,10702197
Democratic People's Republic of Korea,21763678,22016518,22240833,22444993,22641754,22840225,23043449,23248059,23449180,23639303,23813333,23969917,24111989,24243894,24371865,24500520,24631291,24763188,24895480
Democratic Republic of the Congo,42012524,43122601,44078397,44960941,45889100,46949244,48167045,49516960,50972323,52487293,54028003,55590838,57187942,58819038,60486276,62191161,63931512,65705093,67513677
Denmark,5232582,5254383,5276683,5298680,5319410,5338283,5354684,5368994,5382853,5398558,5417692,5440923,5467551,5496104,5524427,5550959,5575237,5597760,5619096
Djibouti,663999,675891,687897,699922,711652,722887,733732,744434,755085,765776,776585,787544,798690,810100,821865,834036,846646,859652,872932
Dominica,71367,71146,70756,70295,69902,69679,69660,69806,70058,70325,70542,70690,70795,70883,70996,71167,71401,71684,72003
Dominican Republic,7977966,8118570,8256496,8392534,8527881,8663421,8799298,8935261,9071318,9207389,9343362,9479269,9615015,9750195,9884265,10016797,10147598,10276621,10403761
Ecuador,11315800,11557151,11799289,12042454,12286995,12533087,12780869,13030041,13279806,13529091,13777131,14023503,14268397,14512402,14756424,15001072,15246481,15492264,15737878
Egypt,61168397,62123592,63094069,64084443,65097777,66136590,67204189,68302914,69432477,70591288,71777678,72990754,74229577,75491922,76775023,78075705,79392466,80721874,82056378
El Salvador,5748013,5806750,5855226,5895018,5928809,5958794,5985299,6008308,6029366,6050297,6072538,6096692,6122952,6151776,6183484,6218195,6256242,6297394,6340454
Equatorial Guinea,441829,456389,471288,486542,502169,518179,534592,551399,568552,585983,603648,621517,639618,658025,676851,696167,715996,736296,757014
Eritrea,3407812,3473399,3560353,3668350,3795384,3939348,4101609,4281576,4472533,4665522,4854066,5035036,5209846,5382163,5557889,5741159,5932852,6130922,6333135
Estonia,1433076,1412522,1397071,1385531,1375744,1366117,1356549,1347674,1339453,1331928,1325112,1318893,1313138,1307827,1302965,1298533,1294498,1290778,1287251
Ethiopia,57023519,58815116,60584273,62353942,64158887,66024199,67956866,69948344,71989666,74066147,76167240,78290649,80440708,82621190,84838032,87095281,89393063,91728849,94100756
Fiji,775587,784647,793098,800616,806857,811647,814700,816237,817224,818995,822484,828060,835392,843851,852479,860559,867921,874742,881065
Finland,5108176,5126021,5140755,5153229,5164780,5176482,5188330,5200259,5213213,5228340,5246368,5267817,5292261,5318297,5343927,5367693,5389084,5408466,5426323
France,58008958,58216225,58418324,58635564,58894671,59213096,59600714,60047743,60527640,61002537,61444972,61845239,62210877,62552614,62888318,63230866,63582112,63936575,64291280
French Polynesia,215200,219282,223734,228380,232956,237267,241276,245032,248536,251811,254884,257731,260361,262877,265412,268065,270874,273814,276831
Gabon,1080477,1108698,1137412,1166525,1195919,1225527,1255299,1285318,1315820,1347125,1379465,1412907,1447388,1482843,1519155,1556222,1594034,1632572,1671711
Gambia,1065746,1095930,1126986,1159271,1193143,1228863,1266691,1306667,1348548,1391934,1436549,1482324,1529406,1577984,1628332,1680640,1734966,1791225,1849285
Georgia,5067143,4990097,4922489,4861848,4803312,4743591,4682290,4621837,4564938,4515280,4475306,4446032,4426077,4412502,4401093,4388674,4374226,4358242,4340895
Germany,83147770,83388930,83490697,83500716,83490881,83512459,83583461,83685160,83788480,83848844,83835978,83740302,83578794,83379538,83182774,83017404,82892904,82800121,82726626
Ghana,16760926,17169151,17568461,17968830,18384302,18825034,19293392,19786307,20301686,20835514,21384034,21947779,22525659,23110139,23691533,24262901,24820706,25366462,25904598
Greece,10671809,10758368,10833632,10896763,10947724,10986883,11012931,11026358,11031728,11035302,11041642,11052514,11066884,11083063,11098149,11109999,11118556,11124639,11127990
Greenland,55809,55832,55876,55948,56049,56174,56337,56534,56732,56881,56953,56925,56817,56675,56569,56546,56626,56787,56987
Grenada,100253,100796,101125,101302,101441,101620,101849,102099,102369,102655,102951,103260,103586,103932,104296,104677,105074,105483,105897
Guam,145562,148060,150306,152275,153951,155328,156417,157241,157823,158194,158401,158429,158331,158310,158621,159440,160858,162810,165124
Guatemala,9983861,10214623,10449636,10691090,10941913,11204183,11478984,11765738,12062835,12367800,12678919,12995374,13317931,13648307,13988988,14341576,14706578,15082831,15468203
Guinea,7837173,8094751,8296478,8457221,8600911,8746128,8895353,9045748,9204581,9379621,9576331,9798963,10046967,10314678,10593248,10876033,11161530,11451273,11745189
Guinea-Bissau,1139667,1165465,1191672,1218336,1245530,1273312,1301748,1330849,1360559,1390791,1421515,1452659,1484337,1516920,1550905,1586624,1624228,1663558,1704255
Guyana,728136,730865,734059,737526,741046,744471,747657,750629,753612,756939,760834,765367,770407,775739,781055,786126,790882,795369,799613
Haiti,7838241,7986858,8136372,8285690,8433339,8578234,8720247,8859635,8996229,9129933,9260879,9388642,9513714,9638255,9765153,9896400,10032864,10173775,10317461
Honduras,5591935,5723639,5852719,5980152,6107385,6235561,6365040,6495801,6628171,6762426,6898825,7037428,7178436,7322368,7469844,7621204,7776669,7935846,8097688
Hungary,10351994,10334876,10311227,10282937,10253110,10224113,10196130,10168591,10142243,10117872,10095964,10077017,10060786,10046058,10031096,10014633,9996227,9976195,9954941
Iceland,267454,270089,272798,275568,278376,281214,284056,286929,289925,293170,296745,300693,304957,309394,313804,318042,322052,325867,329535
India,955804355,973147577,990460131,1007746556,1025014711,1042261758,1059500888,1076705723,1093786762,1110626108,1127143548,1143289350,1159095250,1174662334,1190138069,1205624648,1221156319,1236686732,1252139596
Indonesia,194112556,197097887,200050444,202990922,205946831,208938698,211970371,215038285,218145617,221293797,224480901,227709821,230972808,234243489,237486894,240676485,243801639,246864191,249865631
Iran (Islamic Republic of),60468352,61440887,62542531,63713397,64858754,65911052,66857624,67727274,68543171,69342126,70152384,70976584,71809219,72660887,73542954,74462314,75424285,76424443,77447168
Iraq,20363138,21017108,21693597,22387179,23091408,23801156,24516842,25238267,25959531,26673536,27377045,28064095,28740630,29429829,30163199,30962380,31837015,32778030,33765232
Ireland,3610918,3638411,3669799,3706616,3750879,3803741,3865839,3935875,4010652,4085790,4158002,4226104,4290537,4351657,4410422,4467561,4522844,4575890,4627173
Israel,5331622,5486219,5630066,5764197,5891263,6013711,6129590,6238958,6348782,6468354,6603677,6758761,6930068,7106828,7273804,7420368,7542327,7643905,7733144
Italy,56967071,56937309,56887127,56850303,56872736,56986085,57200233,57501450,57868021,58267068,58671855,59078271,59485505,59873820,60220314,60508978,60729316,60884593,60990277
Jamaica,2462051,2485230,2509439,2534127,2558579,2582219,2604946,2626716,2647116,2665680,2682149,2696227,2708152,2718862,2729660,2741485,2754669,2768941,2783888
Japan,124483305,124794906,125048712,125266855,125481436,125714674,125973930,126249090,126523597,126772899,126978754,127136020,127248855,127319434,127352872,127352833,127319206,127249704,127143577
Jordan,4320158,4450852,4551911,4630762,4699278,4767476,4835108,4902974,4983508,5092185,5239417,5428896,5655856,5911202,6181307,6454554,6731151,7009444,7273799
Kazakhstan,15549632,15326132,15085965,14858241,14679568,14575644,14559255,14623188,14747754,14902452,15064088,15227211,15396045,15568294,15743552,15921127,16097998,16271201,16440586
Kenya,27418077,28186224,28943647,29702246,30478597,31285050,32126351,33000524,33905011,34834606,35785718,36757498,37752304,38773277,39824734,40909194,42027891,43178141,44353691
Kiribati,76378,77511,78725,80018,81377,82788,84261,85799,87371,88936,90468,91953,93401,94832,96272,97743,99250,100786,102351
Kuwait,1586123,1585244,1635999,1722208,1818405,1906231,1980604,2048232,2116353,2196466,2296314,2417445,2554920,2702221,2850102,2991580,3124705,3250496,3368572
Kyrgyzstan,4592135,4658815,4739263,4823870,4898865,4954850,4988162,5003394,5009453,5019310,5042381,5081620,5134297,5197274,5265218,5334223,5403419,5474213,5547548
Lao People's Democratic Republic,4871472,4986592,5096724,5200898,5298146,5388281,5470169,5545245,5619069,5699112,5790646,5895930,6013278,6139127,6267968,6395713,6521314,6645827,6769727
Latvia,2487988,2458305,2434628,2414650,2394521,2371481,2345309,2317261,2287780,2257647,2227559,2197359,2167157,2138258,2112337,2090519,2073385,2060428,2050317
Lebanon,3033406,3070984,3092718,3114014,3156706,3235380,3357600,3515604,3690110,3853582,3986865,4079823,4139813,4186088,4246924,4341092,4478105,4647079,4821971
Lesotho,1753824,1779197,1801679,1821609,1839611,1856225,1871500,1885487,1898757,1912022,1925844,1940413,1955784,1972199,1989873,2008921,2029516,2051545,2074465
Liberia,2079921,2197801,2365290,2558085,2741755,2891968,2998770,3070673,3124222,3184643,3269786,3384791,3522294,3672714,3821440,3957990,4079697,4190435,4294077
Libya,4747619,4837354,4924347,5009240,5092939,5176185,5258677,5340389,5422612,5507000,5594450,5686475,5782108,5876805,5964325,6040612,6103233,6154623,6201521
Lithuania,3628079,3606012,3583272,3558827,3530932,3498446,3461616,3421430,3378410,3333259,3286782,3238819,3190088,3143310,3101973,3068457,3043980,3027621,3016933
Luxembourg,408152,414004,419979,425834,431268,436111,440137,443524,446996,451548,457847,466209,476294,487310,498116,507885,516348,523744,530380
Madagascar,13452526,13882646,14329239,14790245,15262817,15744811,16235767,16736029,17245275,17763367,18290394,18826126,19371023,19926785,20495695,21079532,21678934,22293914,22924851
Malawi,9964065,10153315,10404259,10700180,11012707,11321496,11623166,11926778,12238739,12569091,12924746,13307535,13713758,14138207,14573338,15013694,15457531,15906483,16362567
Malaysia,20725374,21259831,21805835,22355057,22896048,23420751,23925742,24413795,24890654,25365089,25843466,26327098,26813819,27302348,27790324,28275835,28758968,29239927,29716965
Maldives,244965,250659,256347,261973,267456,272745,277825,282743,287594,292505,297576,302825,308239,313843,319660,325694,331964,338442,345023
Mali,8988853,9222157,9462256,9712365,9977308,10260577,10562768,10882662,11219737,11572936,11941258,12325545,12725629,13138299,13559296,13985961,14416737,14853572,15301650
Malta,395615,398698,401373,403688,405716,407529,409116,410493,411790,413170,414747,416584,418640,420796,422872,424738,426356,427764,429004
Marshall Islands,51020,51397,51697,51922,52076,52161,52184,52161,52115,52074,52058,52084,52150,52245,52341,52428,52495,52555,52634
Mauritania,2334388,2403805,2475726,2550307,2627739,2708095,2791403,2877431,2965667,3055425,3146164,3237713,3330037,3422901,3516077,3609420,3702763,3796141,3889880
Mauritius,1128676,1142191,1154701,1166070,1176227,1185143,1192719,1198972,1204161,1208653,1212752,1216518,1219976,1223336,1226841,1230659,1234910,1239557,1244403
Mexico,95392647,97201533,98968558,100678867,102316781,103873607,105339877,106723661,108056312,109381550,110731826,112116694,113529819,114968039,116422752,117886404,119361233,120847477,122332399
Micronesia (Federated States of),107556,108342,108506,108236,107808,107430,107170,106983,106816,106575,106198,105686,105097,104498,103983,103619,103424,103395,103549
Monaco,30700,30971,31242,31517,31795,32081,32366,32653,32968,33346,33808,34369,35013,35686,36314,36845,37261,37579,37831
Mongolia,2298063,2316598,2335723,2355618,2376197,2397473,2419669,2443231,2468595,2496248,2526502,2559496,2595068,2632834,2672223,2712738,2754209,2796484,2839073
Montenegro,NA,NA,NA,NA,NA,NA,NA,NA,NA,NA,615820,616854,617800,618649,619408,620078,620644,621081,621383
Montserrat,10232,9375,8217,6936,5788,4956,4505,4377,4474,4645,4777,4846,4884,4901,4918,4953,5000,5046,5091
Morocco,26833093,27237150,27632321,28013585,28374203,28710123,29021156,29311443,29586937,29855820,30125445,30395097,30667086,30955151,31276564,31642360,32059424,32521143,33008150
Mozambique,15981571,16463426,16914628,17350739,17798102,18275618,18785719,19319894,19873460,20438827,21010376,21587317,22171404,22762525,23361025,23967265,24581367,25203395,25833752
Myanmar,45329862,45991828,46664455,47321204,47925630,48453000,48894203,49261313,49577152,49875169,50181020,50500070,50828959,51174018,51540490,51931231,52350763,52797319,53259018
Namibia,1654214,1705309,1757969,1809719,1857149,1897953,1931282,1958303,1981237,2003320,2027026,2052931,2080700,2110791,2143498,2178967,2217618,2259393,2303315
Nauru,9970,10033,10056,10054,10044,10042,10053,10072,10096,10112,10115,10104,10083,10058,10037,10025,10024,10032,10051
Nepal,20587157,21115271,21647305,22175431,22690158,23184177,23655119,24102862,24525527,24921910,25292058,25634043,25950022,26249412,26544943,26846016,27156367,27474377,27797457
Netherlands,15420000,15514794,15603344,15688091,15772758,15859863,15950214,16042368,16133907,16221364,16302242,16375813,16442848,16504193,16561282,16615243,16666206,16714018,16759229
Netherlands Antilles,194332,192128,188609,184455,180623,177838,176280,175823,176517,178328,181195,185182,190229,195970,201921,NA,NA,NA,NA
New Caledonia,189220,193493,197726,201899,205997,210010,213919,217720,221432,225088,228714,232317,235889,239429,242926,246379,249786,253155,256496
New Zealand,3675060,3717342,3752131,3783470,3817367,3858032,3906817,3961937,4020706,4079075,4134117,4185020,4232734,4278186,4322941,4368136,4413923,4459852,4505761
Nicaragua,4659458,4756631,4849272,4937320,5021079,5100920,5176685,5248577,5317878,5386299,5455219,5524927,5595533,5667983,5743329,5822209,5905146,5991733,6080478
Niger,9167078,9499605,9849621,10215806,10596258,10989815,11396434,11817297,12254040,12708897,13183798,13679705,14197289,14737895,15302948,15893746,16511462,17157042,17831270
Nigeria,108424827,111166210,113979481,116867371,119831888,122876727,126004992,129224641,132550146,135999250,139585891,143314909,147187353,151208080,155381020,159707780,164192925,168833776,173615345
Niue,2167,2122,2069,2010,1952,1900,1852,1809,1768,1728,1686,1643,1600,1555,1511,1468,1426,1384,1344
Northern Mariana Islands,57518,60248,62939,65374,67271,68434,68817,68499,67562,66143,64372,62235,59792,57345,55278,53860,53230,53305,53855
Norway,4359788,4385951,4412958,4440109,4466468,4491572,4514723,4536647,4560013,4588444,4624388,4668989,4721080,4777943,4835629,4891251,4943754,4993875,5042671
Oman,2154600,2175998,2177723,2171135,2172287,2192535,2239025,2308409,2389121,2464001,2522325,2554905,2569739,2593523,2663224,2802768,3024774,3314001,3632444
Pakistan,126689577,130083700,133597492,137139290,140580398,143832014,146857081,149693684,152419974,155151394,157971415,160905794,163928329,167008083,170093999,173149306,176166353,179160111,182142594
Palau,17255,17695,18123,18524,18878,19174,19404,19575,19700,19805,19907,20012,20118,20228,20344,20470,20606,20754,20918
Panama,2757004,2814525,2873288,2933100,2993685,3054812,3116409,3178450,3240805,3303335,3365929,3428509,3491034,3553480,3615846,3678128,3740282,3802281,3864170
Papua New Guinea,4715929,4841020,4970823,5104516,5240941,5379226,5518971,5660267,5803302,5948461,6095959,6245797,6397623,6550877,6704829,6858945,7012977,7167010,7321262
Paraguay,4801834,4911701,5021271,5130723,5240321,5350253,5460621,5571371,5682350,5793330,5904170,6014781,6125285,6236005,6347383,6459721,6573097,6687361,6802295
Peru,23939261,24365985,24789855,25206817,25611482,26000080,26372358,26729909,27073334,27403845,27723281,28030688,28328410,28625628,28934303,29262830,29614887,29987800,30375603
Philippines,69606539,71184718,72780928,74393147,76018006,77651848,79297756,80953652,82604681,84231329,85821214,87366573,88875548,90371287,91886400,93444322,95053437,96706764,98393574
Poland,38479899,38480234,38461279,38428791,38390217,38351437,38314744,38280547,38250426,38225455,38206337,38194163,38189136,38189735,38193591,38198754,38204598,38210924,38216635
Portugal,10097055,10140627,10182158,10222540,10263532,10306192,10350660,10395630,10439031,10478122,10510967,10536701,10555902,10569881,10580673,10589792,10597629,10603804,10608156
Puerto Rico,3689649,3719446,3746634,3769718,3786884,3796981,3799358,3794728,3785058,3773147,3761143,3749763,3738829,3728531,3718812,3709671,3701373,3694237,3688318
Qatar,501154,512476,529491,550367,572155,593693,611808,629745,660238,720383,821159,967602,1152459,1359114,1564082,1749713,1910902,2050514,2168673
Republic of Korea,44652994,44940974,45220543,45489131,45742103,45977210,46192932,46393993,46591762,46801310,47033082,47291491,47572585,47867970,48164969,48453931,48732640,49002683,49262698
Republic of Moldova,4339081,4308050,4268774,4221726,4167552,4107184,4040579,3969040,3896494,3827963,3767077,3715541,3672638,3636510,3604078,3573024,3542928,3514381,3487204
Romania,22963512,22841943,22717415,22596183,22484940,22388354,22310092,22249564,22201592,22158163,22113264,22065409,22015937,21964962,21913311,21861476,21808931,21754741,21698585
Russian Federation,148602147,148375246,148079919,147715550,147275875,146762881,146170247,145520813,144879644,144331352,143932966,143715023,143652377,143677033,143689741,143617913,143438152,143169653,142833689
Rwanda,5663838,5929575,6470628,7169658,7853015,8395577,8760003,8987523,9126167,9254379,9429457,9660946,9928143,10222961,10529668,10836732,11144315,11457801,11776522
Saint Kitts and Nevis,42888,43391,43885,44391,44938,45544,46214,46934,47679,48421,49139,49823,50478,51110,51731,52352,52971,53584,54191
Saint Lucia,147040,148962,150994,153066,155073,156949,158650,160217,161766,163460,165407,167658,170149,172734,175200,177397,179271,180870,182273
Saint Vincent and the Grenadines,108122,108078,108001,107923,107879,107897,107989,108150,108353,108562,108749,108908,109045,109158,109249,109316,109357,109373,109373
Samoa,170158,171276,172191,172979,173758,174614,175567,176592,177677,178794,179928,181073,182240,183444,184704,186029,187429,188889,190372
San Marino,25680,25914,26114,26321,26594,26969,27467,28064,28700,29290,29775,30130,30377,30549,30698,30861,31048,31247,31448
Sao Tome and Principe,130378,132323,134029,135650,137396,139428,141783,144447,147455,150842,154615,158806,163390,168253,173240,178228,183177,188098,192993
Saudi Arabia,18567343,18848350,19060850,19282965,19620692,20144584,20891594,21825217,22852333,23839231,24690067,25371936,25915624,26366358,26796375,27258387,27761728,28287855,28828870
Senegal,8711528,8940298,9164050,9387783,9618564,9861679,10119118,10390050,10673535,10967568,11270826,11582925,11904974,12238791,12586827,12950564,13330737,13726021,14133280
Serbia,NA,NA,NA,NA,NA,NA,NA,NA,NA,NA,9956359,9889237,9823743,9760977,9701912,9647109,9597413,9552553,9510506
Serbia & Montenegro,10989446,11028631,11025594,10990409,10939047,10883641,10826817,10766194,10703165,10638276,NA,NA,NA,NA,NA,NA,NA,NA,NA
Seychelles,75433,76391,77173,77891,78720,79774,81093,82611,84218,85751,87094,88210,89134,89902,90577,91208,91799,92339,92838
Sierra Leone,3927105,3919708,3928313,3961869,4030443,4139757,4295667,4493047,4712763,4928175,5119895,5280909,5416015,5532139,5641182,5751976,5865491,5978727,6092075
Singapore,3482640,3570085,3653156,3735537,3822625,3918189,4023284,4136239,4254766,4375413,4495537,4614310,4732065,4848676,4964312,5078969,5192183,5303264,5411737
Sint Maarten (Dutch part),NA,NA,NA,NA,NA,NA,NA,NA,NA,NA,NA,NA,NA,NA,NA,42519,43451,44355,45233
Slovakia,5362950,5372351,5379101,5383590,5386384,5388010,5388448,5387913,5387441,5388338,5391489,5397396,5405718,5415434,5425044,5433437,5440253,5445757,5450223
Slovenia,1991848,1989709,1988790,1988806,1989178,1989545,1989732,1990090,1991368,1994578,2000349,2009036,2020156,2032470,2044248,2054232,2061952,2067717,2071997
Solomon Islands,359236,369439,379861,390493,401323,412336,423529,434880,446335,457827,469306,480745,492148,503541,514964,526447,537997,549598,561231
Somalia,6346440,6481035,6673254,6904978,7149044,7385416,7609265,7825924,8037706,8249965,8466938,8687671,8910851,9140259,9380854,9636173,9907903,10195134,10495583
South Africa,41426810,42204043,42906581,43558285,44195890,44846286,45513217,46187794,46869028,47553025,48235291,48919359,49602778,50267488,50889543,51452352,51949041,52385920,52776130
South Sudan,NA,NA,NA,NA,NA,NA,NA,NA,NA,NA,NA,NA,NA,NA,NA,NA,10381110,10837527,11296173
Spain,39420568,39513721,39603778,39729942,39944692,40282828,40756675,41346738,42015864,42710301,43387477,44038456,44664067,45243381,45754265,46182038,46514117,46754541,46926963
Sri Lanka,18241711,18367795,18473862,18575763,18695041,18846401,19037119,19260853,19501969,19737578,19951291,20137560,20301912,20452387,20601663,20758779,20925532,21098099,21273228
Sudan,29963988,30824141,31682982,32551853,33447666,34382782,35359265,36373247,37423884,38508752,39625222,40774428,41954986,43158451,44373749,45592931,36430923,37195349,37964306
Suriname,435776,441734,447771,453920,460215,466668,473312,480099,486867,493394,499523,505186,510433,515372,520173,524960,529761,534541,539276
Swaziland,963428,984506,1006760,1028694,1048151,1063715,1074761,1082183,1087929,1094758,1104642,1118253,1134977,1153929,1173678,1193148,1212159,1230985,1249514
Sweden,8826720,8849420,8859106,8861204,8863595,8872284,8888444,8911156,8941754,8981282,9030163,9089677,9159155,9234561,9310295,9382297,9448965,9511313,9571105
Switzerland,7017042,7059633,7090176,7113505,7136813,7165581,7200783,7241511,7289079,7344597,7408608,7482167,7564712,7653062,7742768,7830534,7915200,7997399,8077833
Syrian Arab Republic,14338240,14746306,15168523,15591261,15995760,16371208,16700984,16994676,17298476,17676012,18167367,18804914,19561477,20346056,21031546,21532647,21804363,21889682,21898061
Tajikistan,5784330,5862347,5937177,6012933,6094661,6186152,6289340,6404118,6529609,6663929,6805655,6954522,7111025,7275252,7447396,7627326,7814850,8008990,8207834
Thailand,58983954,59562136,60206941,60903042,61623143,62343379,63069070,63797841,64488338,65087400,65559487,65883961,66076927,66185340,66277335,66402316,66576332,66785001,67010502
The Former Yugoslav Republic of Macedonia,1967013,1975207,1991687,2013117,2034487,2052129,2065098,2074441,2080866,2085728,2090044,2093801,2096620,2098769,2100558,2102216,2103890,2105575,2107158
Timor-Leste,NA,NA,NA,NA,NA,NA,NA,899367,933369,966987,995619,1018013,1035706,1050244,1064191,1079450,1096293,1114106,1132879
Togo,4284497,4392177,4504291,4620710,4740974,4864753,4992225,5123674,5258956,5397851,5540214,5685845,5834806,5987491,6144457,6306014,6472304,6642928,6816982
Tokelau,1520,1529,1548,1566,1571,1552,1504,1434,1351,1272,1210,1167,1141,1130,1129,1135,1148,1169,1195
Tonga,95928,96218,96574,96991,97457,97962,98504,99083,99691,100319,100960,101617,102289,102947,103557,104098,104554,104941,105323
Trinidad and Tobago,1255001,1258365,1260677,1262544,1264781,1267980,1272347,1277723,1283868,1290379,1296933,1303478,1310040,1316449,1322518,1328095,1333082,1337439,1341151
Tunisia,8982649,9116617,9237249,9347451,9451481,9552776,9652120,9749636,9847323,9947369,10051352,10160243,10273932,10391460,10511204,10631830,10753073,10874915,10996515
Turkey,58522320,59442502,60372413,61308204,62243779,63174483,64100297,65022300,65938265,66845635,67743052,68626337,69496513,70363511,71241080,72137546,73058638,73997128,74932641
Turkmenistan,4188010,4267690,4335991,4395293,4449427,4501419,4551762,4600171,4648037,4696876,4747839,4801595,4858236,4917543,4978962,5041995,5106668,5172931,5240072
Turks and Caicos Islands,15334,15967,16527,17114,17866,18876,20186,21740,23412,25025,26450,27642,28638,29481,30247,30993,31726,32427,33098
Tuvalu,9227,9264,9298,9334,9374,9419,9471,9530,9590,9646,9694,9732,9764,9788,9808,9827,9844,9860,9876
Uganda,20740726,21407693,22084527,22780451,23507800,24275641,25088033,25943441,26838428,27766986,28724869,29711397,30728747,31778799,32864328,33987213,35148064,36345860,37578876
Ukraine,51146967,50821019,50421998,49974187,49510626,49057226,48620596,48200504,47807199,47450472,47135932,46871328,46653183,46461350,46267306,46050220,45802721,45529944,45238805
United Arab Emirates,2346305,2470810,2608993,2753498,2893648,3026352,3132104,3223969,3369254,3658658,4148883,4875639,5797347,6798635,7718319,8441537,8925096,9205651,9346129
United Kingdom of Great Britain and Northern Ireland,57997197,58168519,58346633,58534306,58735006,58951444,59183774,59431937,59697954,59984118,60291414,60620907,60970360,61333257,61700797,62066350,62426923,62783115,63136265
United Republic of Tanzania,29944302,30780453,31586039,32378333,33183093,34020512,34895398,35806497,36760831,37765139,38824384,39942347,41119693,42353790,43639752,44973330,46354607,47783107,49253126
United States of America,268039654,271231546,274606475,278053607,281419130,284594395,287532638,290270187,292883010,295487267,298165797,300942917,303786752,306657153,309491893,312247116,314911752,317505266,320050716
Uruguay,3224383,3247585,3270549,3291677,3308884,3320841,3326762,3327500,3325411,3323822,3325155,3330217,3338384,3348898,3360431,3371982,3383486,3395253,3407062
US Virgin Islands,107018,107589,108002,108271,108431,108511,108511,108422,108259,108034,107768,107458,107116,106788,106530,106382,106364,106462,106627
Uzbekistan,22950898,23381250,23789736,24170760,24517962,24828562,25098636,25334021,25553928,25784397,26044401,26340696,26668950,27023200,27392784,27769270,28151746,28541423,28934102
Vanuatu,168236,171802,175004,178074,181346,185058,189285,193950,198952,204135,209375,214654,220001,225398,230833,236299,241778,247262,252763
Venezuela (Bolivarian Republic of),22092144,22556838,23020184,23482700,23945002,24407553,24870441,25333622,25797219,26261326,26725897,27190882,27655937,28120312,28583040,29043283,29500625,29954782,30405207
Viet Nam,76020043,77166873,78199254,79140734,80027521,80887879,81728768,82547682,83352595,84150651,84947852,85747625,86553201,87369203,88199997,89047397,89913956,90795769,91679733
Wallis and Futuna Islands,14143,14221,14309,14394,14460,14497,14501,14476,14422,14344,14246,14126,13988,13840,13697,13565,13451,13353,13272
West Bank and Gaza Strip,2598393,2722497,2851993,2980563,3099951,3204572,3291620,3363542,3426549,3489743,3559856,3638829,3725076,3817551,3914035,4012880,4114199,4218771,4326295
Yemen,15018201,15578640,16088019,16564235,17035531,17522537,18029989,18551068,19081306,19612696,20139661,20661714,21182162,21703571,22229625,22763008,23304206,23852409,24407381
Zambia,8841338,9073311,9320089,9577483,9839179,10100981,10362137,10625423,10894519,11174650,11470022,11781612,12109620,12456527,12825031,13216985,13633796,14075099,14538640
Zimbabwe,11639364,11846110,12045813,12229500,12384727,12503652,12586763,12640922,12673103,12693047,12710589,12724308,12740160,12784041,12888918,13076978,13358738,13724317,14149648
